<?xml version="1.0"?>
<root><informante><ruc>1528628</ruc><dv>2</dv><nombre>SHAH, ABHISHEK PRASHANT</nombre><tipoContribuyente>FISICO</tipoContribuyente><tipoSociedad></tipoSociedad><nombreFantasia></nombreFantasia><obligaciones><impuesto>211</impuesto><nombre>IVA  General</nombre><fechaDesde>02/01/2007</fechaDesde></obligaciones><clasificacion>FISICO</clasificacion></informante><identificacion><periodo>2020</periodo><tipoMovimiento>CON_MOVIMIENTO</tipoMovimiento><tipoPresentacion>ORIGINAL</tipoPresentacion><version>1.0.3</version></identificacion><cantidades><ingresos>0</ingresos><egresos>593</egresos></cantidades><totales><ingresos/><egresos><ruc>1528628</ruc><periodo>2020</periodo><tipoEgreso>gasto</tipoEgreso><clasificacion>GPERS</clasificacion><valor>263560153</valor></egresos><arbolIngresos><subtotalGravado>0</subtotalGravado><subtotalNoGravado>0</subtotalNoGravado></arbolIngresos><arbolEgresos><gasto><total>263560153</total><GPERS>263560153</GPERS></gasto></arbolEgresos></totales></root>
